panel,n,m,seed,generator,condition,center_scale,prefiltered,screen_relative_gap,screen_absolute_gap,method,status,value,lower_bound,upper_bound,reference_upper_bound,max_distance_squared,bound_gap,relative_bound_gap,runtime,rank1_residual,relative_rank1_residual,rank1_eig_largest,rank1_eig_second,rank1_eig_ratio,sep_rank1_residual,relative_sep_rank1_residual,pd_gap,relative_pd_gap,x_trace,y_trace,max_skew_violation,fro_skew_violation,relative_max_skew_violation,relative_fro_skew_violation,lazy_cut_strategy,max_kron_violation,fro_kron_violation,relative_max_kron_violation,relative_fro_kron_violation,n_cuts,n_iters,n_rounds,full_constraint_count,gurobi_time_limit,gurobi_mip_gap,gurobi_sol_count
square,20,20,23,ellipsoids,5.0,1.0,True,,,Lazy KRON,Optimal,-86.02809458268544,-86.02809458268544,-86.02722558992616,-86.02808978963084,125.50920990675954,4.793054600327196e-06,5.5714991986953486e-08,0.6962793749989942,2.559214093399646e-05,1.2796166230117259e-05,2.99998149040443,1.8508409999165016e-05,162087.4775596483,,,-1.7683262854006898e-08,2.055521854783233e-10,1.0000000012530028,1.0000000011859058,,,,,,8.777905118407187e-07,8.777905118407187e-07,3.816484579810036e-08,3.816484579810036e-08,6,7,7,,,,
square,20,20,343,ellipsoids,5.0,1.0,True,,,Lazy KRON,Optimal,-80.97685031517692,-80.97685031517692,-80.97683930410086,-80.97684977773389,101.5282495485399,5.374430287474752e-07,6.6369959643484185e-09,0.24366554099833593,3.129666891370727e-07,1.564833536840883e-07,2.9999998170985553,1.8101493795662235e-07,16573216.83483085,,,-2.9578140470221115e-07,3.6526662070823336e-09,1.000000017583468,1.0000000130228661,,,,,,2.2556802760775312e-08,2.2556802760775312e-08,9.807305675428015e-10,9.807305675428015e-10,2,3,3,,,,
square,20,20,509,ellipsoids,5.0,1.0,True,,,Lazy KRON,Optimal,-80.1249152583043,-80.1249152583043,-80.12472965621626,-80.12490930097525,108.927325489752,5.957329051398119e-06,7.435051921356872e-08,0.25535241700708866,5.968076638247636e-06,2.9840469361489966e-06,2.9999941588769197,5.839302275392181e-06,513759.0104762016,,,-2.4369512630073586e-07,3.041440050390304e-09,1.0000000191489136,1.000000018902613,,,,,,7.529443798712866e-07,7.529443798712866e-07,3.273672067666479e-08,3.273672067666479e-08,3,4,4,,,,
square,20,20,745,ellipsoids,5.0,1.0,True,,,Lazy KRON,Optimal,-87.39968089238626,-87.39968089238626,-87.39946704901465,-87.39967674791366,123.31675081019014,4.144472597999993e-06,4.7419768077906506e-08,0.31935449998127297,6.039243229475534e-06,3.0196260740904832e-06,2.9999960194087603,3.9822746148487384e-06,753337.3033147065,,,-1.820050812284535e-07,2.0824456035778124e-09,1.0000000129081972,1.0000000142486178,,,,,,4.869553194194451e-07,4.869553194194451e-07,2.1171975722820666e-08,2.1171975722820666e-08,4,5,5,,,,
square,20,20,1141,ellipsoids,5.0,1.0,True,,,Lazy KRON,Optimal,-102.58304762901584,-102.58304762901584,-102.58294138048277,-102.58304584134925,132.54466656317777,1.7876665907579081e-06,1.74265303290937e-08,0.20709770795656368,3.012099548004592e-06,1.50605108522685e-06,2.999997834976786,2.1627226665650683e-06,1387139.4059699366,,,-2.667145508894464e-07,2.5999866162487223e-09,1.000000014510197,1.0000000159384022,,,,,,2.3671083732526126e-07,2.3671083732526126e-07,1.0291776843768166e-08,1.0291776843768166e-08,2,3,3,,,,
square,20,20,1326,ellipsoids,5.0,1.0,True,,,Lazy KRON,Optimal,-80.72820893259947,-80.72820893259947,-80.7268045424154,-80.72819960379653,109.26867184904313,9.328802946129144e-06,1.1555815581041598e-07,0.5463489999528974,4.192116508349115e-05,2.096093827705106e-05,2.9999633826589545,3.6573837408541236e-05,82024.84604359182,,,-1.9857657207467128e-07,2.45981639751805e-09,1.0000000116595182,1.0000000124569939,,,,,,1.0880244594568632e-06,1.0880244594568632e-06,4.7305496270298244e-08,4.7305496270298244e-08,8,9,9,,,,
square,20,20,1748,ellipsoids,5.0,1.0,True,,,Lazy KRON,Optimal,-99.36322262371463,-99.36322262371463,-99.36275590611966,-99.36322022739004,126.58632296025397,2.396324589426513e-06,2.411681632449984e-08,0.2005297080031596,1.1762168712966193e-05,5.881105556792489e-06,2.999991271340446,8.725227805361574e-06,343829.5639108676,,,-3.693775312285652e-07,3.7174471748705873e-09,1.0000000187049447,1.000000018334694,,,,,,5.788819502016476e-07,5.788819502016476e-07,2.516879289053103e-08,2.516879289053103e-08,2,3,3,,,,
square,20,20,1949,ellipsoids,5.0,1.0,True,,,Lazy KRON,Optimal,-100.49156684585216,-100.49156684585216,-100.49156287213782,-100.49156287213782,127.60942346361674,3.973714342464518e-06,3.954276430538644e-08,0.267783208983019,8.987951137327102e-08,4.4939757444267334e-08,2.9999999168548657,8.536549119527603e-08,35143005.386008725,,,-3.6601441877337493e-07,3.642240142745693e-09,1.0000000168856995,1.0000000227641206,,,,,,5.4062786659982025e-09,5.4062786659982025e-09,2.350555950947839e-10,2.350555950947839e-10,3,4,4,,,,
square,20,20,2494,ellipsoids,5.0,1.0,True,,,Lazy KRON,Optimal,-99.89691039252256,-99.89691039252256,-99.89687013899666,-99.89690638424486,144.2829422721892,4.008277699085738e-06,4.0124140810122237e-08,0.7590435830061324,1.0950396775838642e-06,5.475201289739528e-07,2.9999989240503675,1.0757841216228564e-06,2788662.579927996,,,-6.073350107271835e-07,6.079617561151756e-09,1.0000000302014547,1.000000029617266,,,,,,4.370017876760193e-08,4.370017876760193e-08,1.9000078632388926e-09,1.9000078632388926e-09,2,3,3,,,,
square,20,20,2599,ellipsoids,5.0,1.0,True,,,Lazy KRON,Optimal,-119.84812740436747,-119.84812740436747,-119.8479118760314,-119.84812358686838,174.56306934096932,3.817499091951504e-06,3.1852805501676844e-08,0.4270773329772055,5.540114939943824e-06,2.770064830236288e-06,2.9999946066822316,5.386245335304961e-06,556973.2568656524,,,-5.111375429578402e-07,4.264877174369714e-09,1.0000000326660108,1.0000000308630836,,,,,,1.9261685121038305e-07,1.9261685121038305e-07,8.374647723214107e-09,8.374647723214107e-09,3,4,4,,,,
square,25,25,207,ellipsoids,5.0,1.0,True,,,Lazy KRON,Optimal,-84.3482042387314,-84.3482042387314,-84.34736523104266,-84.3481950242821,128.47447540782107,9.214449292471727e-06,1.0924298123042427e-07,4.894432000000961,2.718093221253144e-05,1.3590589549953004e-05,2.9999788288435014,2.1170955977543016e-05,141702.56799105878,,,-1.8649799926606647e-08,2.211048841516764e-10,1.0000000015865984,1.0000000018611845,,,,,,1.8825643869718777e-06,1.8825643869718777e-06,6.723450703559925e-08,6.723450703559925e-08,2,3,3,,,,
square,25,25,587,ellipsoids,5.0,1.0,True,,,Lazy KRON,Optimal,-93.74620070719209,-93.74620070719209,-93.74620165290162,-93.74620165290162,130.5934010346589,0.0,0.0,4.844839417026378,6.672384939592589e-08,3.336192396849126e-08,3.000000010706659,8.037906191515713e-09,373231528.1152774,,,-1.0702987651711737e-07,1.1416982844074467e-09,0.9999999854102765,1.0000000067067443,,,,,,3.323277492169681e-08,9.155964066515357e-08,1.1868848169792854e-09,3.2699871620591528e-09,2,3,3,,,,
square,25,25,1419,ellipsoids,5.0,1.0,True,,,Lazy KRON,Optimal,-87.24700564224851,-87.24700564224851,-87.23897173297524,-87.24698185629498,124.78011332059016,2.3785953530364168e-05,2.7262773496086667e-07,11.435864833008964,0.00021611234769330773,0.00010805960057434666,2.9998856755792653,0.00011432080542266387,26240.942446899033,,,-7.406895008443826e-08,8.48956930260207e-10,1.0000000050782403,1.0000000048223048,,,,,,1.6591052160318044e-06,1.6591052160318044e-06,5.925419198811601e-08,5.925419198811601e-08,6,7,7,,,,
square,25,25,1658,ellipsoids,5.0,1.0,True,,,Lazy KRON,Optimal,-87.69301937046228,-87.69301937046228,-87.69274745600607,-87.6930117357136,139.96120961081914,7.634748683926773e-06,8.706221702406556e-08,2.620534959016368,8.727683498587523e-06,4.363859917406057e-06,2.99999153873874,8.46084268532108e-06,354573.6104919546,,,-1.8272605473157455e-07,2.0837012574472073e-09,1.0000000149621553,1.0000000155254674,,,,,,1.0306070933009221e-06,1.0306070933009221e-06,3.680740764150016e-08,3.680740764150016e-08,3,4,4,,,,
square,25,25,1758,ellipsoids,5.0,1.0,True,,,Lazy KRON,Optimal,-88.13004050885539,-88.13004050885539,-88.13001905015741,-88.13003980742025,120.80261847941989,7.014351410816744e-07,7.959092461907964e-09,4.292328249954153,6.975206409103347e-07,3.4876042523386766e-07,2.9999993714605977,6.305195960999615e-07,4757979.593365379,,,-3.969491046973417e-08,4.5041293797823215e-10,1.000000002995013,0.9999999960351472,,,,,,7.57100012792044e-08,7.57100012792044e-08,2.7039286836796308e-09,2.7039286836796308e-09,2,3,3,,,,
square,25,25,2217,ellipsoids,5.0,1.0,True,,,Lazy KRON,Optimal,-98.29020987148505,-98.29020987148505,-98.28984349355136,-98.29020784799246,132.81380223993844,2.0234925841577933e-06,2.0586918949542586e-08,3.82036633399548,9.319505565857418e-06,4.659769499272485e-06,2.999992100498247,7.889173682353303e-06,380266.9609377092,,,-2.8568472032475256e-07,2.9065429883432623e-09,1.0000000133785754,1.0000000237606994,,,,,,3.849589678426177e-07,3.849589678426177e-07,1.3748539075117127e-08,1.3748539075117127e-08,2,3,3,,,,
square,25,25,3690,ellipsoids,5.0,1.0,True,,,Lazy KRON,Optimal,-99.14831685396895,-99.14831685396895,-99.14831513689197,-99.14831616751471,161.3717683473158,6.864542427820197e-07,6.923508785258221e-09,2.871061042009387,3.399472395732789e-08,1.6997362147677104e-08,2.9999999747307857,2.274574251013607e-08,131892813.49658781,,,-4.650064795441722e-07,4.690008810024068e-09,1.0000000318410276,1.0000000315438329,,,,,,0.0,0.0,0.0,0.0,2,3,3,,,,
square,25,25,3980,ellipsoids,5.0,1.0,True,,,Lazy KRON,Optimal,-101.49042982652878,-101.49042982652878,-101.49042894052535,-101.49042945464171,164.25452445193753,3.7188706869528687e-07,3.6642575002483493e-09,3.8725777079816908,2.4890403781170328e-08,1.244520200566491e-08,2.9999999793401093,2.0692198311056622e-08,144982178.0287644,,,-3.920801816548192e-08,3.8632231859198667e-10,1.0000000031929834,1.0000000031809386,,,,,,5.250108605064224e-10,5.250108605064224e-10,1.8750387891701046e-11,1.8750387891701046e-11,2,3,3,,,,
square,25,25,5665,ellipsoids,5.0,1.0,True,,,Lazy KRON,Optimal,-82.66320615606253,-82.66320615606253,-82.66309387102689,-82.66320493879819,106.85496116290155,1.2172643408803197e-06,1.4725588293565667e-08,1.1500731670530513,3.4358253961938088e-06,1.7179152458002778e-06,2.9999968775082917,3.12244002434642e-06,960786.0692652512,,,-1.1053728599108581e-08,1.3372005651752595e-10,1.000000000928539,1.0000000002589011,,,,,,5.542211281450723e-07,5.542211281450723e-07,1.9793614141097373e-08,1.9793614141097373e-08,2,3,3,,,,
square,25,25,5689,ellipsoids,5.0,1.0,True,,,Lazy KRON,Optimal,-112.89181470909674,-112.89181470909674,-112.89180392880544,-112.89181369952834,166.5840370271327,1.0095683933286637e-06,8.942795329583035e-09,1.2232617090339772,2.473217231963401e-07,1.236608698971046e-07,2.999999820464166,1.7020494243566683e-07,17625809.083646853,,,-1.9633908721061744e-07,1.7391791222113873e-09,1.000000036756245,0.9999999842980896,,,,,,2.5603078176805207e-08,2.5603078176805207e-08,9.143956573099324e-10,9.143956573099324e-10,2,3,3,,,,
square,30,30,966,ellipsoids,5.0,1.0,True,,,Lazy KRON,Optimal,-91.6860967693686,-91.6860967693686,-91.68586151943211,-91.68609301480974,142.36262750156365,3.7545588611465064e-06,4.0950143952478374e-08,13.025094917044044,7.083493045634702e-06,3.5417562449473502e-06,2.9999939777401976,6.018545795084612e-06,498458.2787739712,,,-4.349569451278512e-07,4.743979299521953e-09,1.0000000330869565,1.0000000307185226,,,,,,3.635038876159395e-07,3.635038876159395e-07,1.1015271658458087e-08,1.1015271658458087e-08,3,4,4,,,,
square,30,30,1714,ellipsoids,5.0,1.0,True,,,Lazy KRON,Optimal,-122.47943060487819,-122.47943060487819,-122.47938134684743,-122.47942876711075,177.4068775839506,1.8377674422254131e-06,1.5004702692928893e-08,15.478678167040925,1.1736604658526021e-06,5.868305210021528e-07,2.9999989524676276,1.0471726627473597e-06,2864856.063561512,,,-3.855247143746965e-08,3.147669061414967e-10,1.0000000028509117,1.0000000036267231,,,,,,5.6293756572711516e-08,5.6293756572711516e-08,1.7058714716102617e-09,1.7058714716102617e-09,3,4,4,,,,
square,30,30,5295,ellipsoids,5.0,1.0,True,,,Lazy KRON,Optimal,-116.5398094875016,-116.5398094875016,-116.53981134744359,-116.53981134744359,170.55044511765456,0.0,0.0,13.472570292011369,9.706630148262665e-08,4.853314926384869e-08,3.000000012363957,5.523613115195287e-10,5431227621.846017,,,-1.64494196042142e-08,1.411485026151371e-10,0.9999999844293882,0.9999999819569221,,,,,,4.854204541236327e-08,1.2581648840431685e-07,1.4709710706502594e-09,3.812620854382404e-09,2,3,3,,,,
square,30,30,6150,ellipsoids,5.0,1.0,True,,,Lazy KRON,Optimal,-108.483411863997,-108.483411863997,-108.48341122852281,-108.4834113410958,169.84244841019952,5.229012032259561e-07,4.820102854817145e-09,13.604550166986883,1.279390978053917e-08,6.396954932758181e-09,2.9999999861487443,1.1699124258773447e-08,256429448.88793486,,,-8.677913854171493e-08,7.999300266340056e-10,1.0000000056590066,1.0000000056033196,,,,,,0.0,0.0,0.0,0.0,2,3,3,,,,
square,30,30,7721,ellipsoids,5.0,1.0,True,,,Lazy KRON,Optimal,-102.31995785452946,-102.31995785452946,-102.319452129046,-102.31994971887268,147.43452314498307,8.135656784702405e-06,7.951192470455322e-08,18.436138375021983,1.3746430594841123e-05,6.873262123669608e-06,2.9999863344622537,1.366112512616024e-05,219600.23839599118,,,-7.609169472289068e-08,7.436642500485772e-10,1.0000000046011133,1.000000001709223,,,,,,8.047357821580044e-07,8.047357821580044e-07,2.4385942960572035e-08,2.4385942960572035e-08,3,4,4,,,,
square,30,30,11913,ellipsoids,5.0,1.0,True,,,Lazy KRON,Optimal,-92.74197595315223,-92.74197595315223,-92.74122993670586,-92.74197102322319,151.50974665746512,4.929929048103077e-06,5.315747262699455e-08,24.871460499998648,2.1293173937599435e-05,1.0646671056681424e-05,2.999982370938452,1.7627669925035177e-05,170185.98508460927,,,-1.3547980870498577e-07,1.460825125975558e-09,1.0000000103272713,1.0000000106772904,,,,,,7.733748382792898e-07,7.733748382792898e-07,2.3435616046537825e-08,2.3435616046537825e-08,6,7,7,,,,
square,30,30,12221,ellipsoids,5.0,1.0,True,,,Lazy KRON,Optimal,-92.48880426146218,-92.48880426146218,-92.48807568988218,-92.48879097901687,149.77510049411882,1.3282445308959723e-05,1.4361138534574172e-07,32.2706785830087,2.13359978952777e-05,1.0668075466527223e-05,2.999983321012393,1.6671064947504907e-05,179951.5106238842,,,-2.6927313001579023e-07,2.9114132479707032e-09,1.0000000194187404,1.0000000193498004,,,,,,1.2297425352614783e-06,1.2297425352614783e-06,3.7264948949243294e-08,3.7264948949243294e-08,6,7,7,,,,
square,30,30,13508,ellipsoids,5.0,1.0,True,,,Lazy KRON,Optimal,-90.64877528910702,-90.64877528910702,-90.64713405310702,-90.64875456505001,136.08429926158738,2.0724057009147145e-05,2.2861927194329662e-07,27.599910749995615,4.7718276311228875e-05,2.3859583852497893e-05,2.9999591860480868,4.0812325756653174e-05,73506.20506009847,,,-1.1408441480398324e-07,1.2585323347186181e-09,1.0000000089034513,1.000000009217185,,,,,,2.793607767496451e-06,2.793607767496451e-06,8.465490169747442e-08,8.465490169747442e-08,5,6,6,,,,
square,30,30,15956,ellipsoids,5.0,1.0,True,,,Lazy KRON,Optimal,-101.01995890017385,-101.01995890017385,-101.01989886607771,-101.01995735135156,149.63754146002358,1.5488222828707876e-06,1.5331844318025377e-08,11.654454624978825,1.6712578966130125e-06,8.356296473989353e-07,2.99999832376571,1.6668913116026305e-06,1799756.4105612654,,,-4.191531672859128e-07,4.149211421676706e-09,1.0000000264515088,1.0000000256497596,,,,,,3.1468069165527784e-07,3.1468069165527784e-07,9.535779024453816e-09,9.535779024453816e-09,2,3,3,,,,
square,30,30,16562,ellipsoids,5.0,1.0,True,,,Lazy KRON,Optimal,-101.69171167447068,-101.69171167447068,-101.6917146017702,-101.6917146017702,137.54096021125264,0.0,0.0,9.564255292003509,1.260870775393836e-07,6.304353637372718e-08,3.0000000130747018,3.547441765396751e-09,845679848.035272,,,-1.525677362224087e-08,1.500296668334183e-10,0.9999999536748999,1.000000001620439,,,,,,6.303783574399428e-08,1.8403023449146576e-07,1.9102374428300525e-09,5.576673760914839e-09,2,3,3,,,,
square,20,20,23,ellipsoids,5.0,1.0,True,,,Lazy SEP,Optimal,-86.02809177316992,-86.02809177316992,-86.02808978963084,-86.02808978963084,125.50920709724403,1.9835390787648066e-06,2.3056876397942196e-08,1.0114526660181582,5.060814590403744e-08,2.5304073420959393e-08,2.999999955815104,3.7174943147999624e-08,80699516.98033823,2.9462994719467163e-08,2.9462994719467163e-08,-1.1767340879487165e-08,1.3678486453604117e-10,1.0000000006740588,1.000000000778384,5.824714773006168e-10,4.869421965790307e-09,5.824714773006168e-10,4.869421965790307e-09,coordinate,,,,,0,1,1,36100,,,
square,20,20,343,ellipsoids,5.0,1.0,True,,,Lazy SEP,Optimal,-80.97684999970254,-80.97684999970254,-80.97684977773389,-80.97684977773389,101.52824923306552,2.2196864790657855e-07,2.741137101620944e-09,0.8829923329758458,5.982422354555173e-09,2.9912111813655436e-09,2.999999996065947,3.539001277834885e-09,847696782.3818667,1.1842374540845697e-08,1.1842374540845697e-08,-4.892044103144144e-09,6.041287235996603e-11,1.0000000003387433,1.0000000003065608,1.522347109483846e-10,5.326356569084083e-10,1.522347109483846e-10,5.326356569084083e-10,coordinate,,,,,0,1,1,36100,,,
square,20,20,509,ellipsoids,5.0,1.0,True,,,Lazy SEP,Optimal,-80.1249095841367,-80.1249095841367,-80.1249084818242,-80.12490930097525,108.9273198155844,2.83161455172376e-07,3.5340003082941004e-09,1.9069515829905868,3.2965694119818284e-08,1.6482847333161785e-08,2.9999999657547676,3.251078157300264e-08,92277079.19043094,2.4476196644836005e-08,2.4476196644836005e-08,-8.123066663756617e-09,1.0138004156156751e-10,1.0000000006080134,1.0000000006995928,1.1658470543129962e-09,1.2309566336784396e-08,1.1658470543129962e-09,1.2309566336784396e-08,coordinate,,,,,50,2,2,36100,,,
square,20,20,745,ellipsoids,5.0,1.0,True,,,Lazy SEP,Optimal,-87.3996779607387,-87.3996779607387,-87.39967674791366,-87.39967674791366,123.3167478785426,1.2128250403975471e-06,1.3876767840521874e-08,0.8552774579729885,3.2105653247971385e-08,1.6052826737461767e-08,2.9999999779855755,1.9746046720954623e-08,151929144.11581725,4.063351415668413e-08,4.063351415668413e-08,-2.0194036665088788e-08,2.3105390244298457e-10,1.00000000242699,1.0000000021121724,3.477467792889488e-10,3.5303593593345124e-09,3.477467792889488e-10,3.5303593593345124e-09,coordinate,,,,,0,1,1,36100,,,
square,20,20,1141,ellipsoids,5.0,1.0,True,,,Lazy SEP,Optimal,-102.58304694166057,-102.58304694166057,-102.58304584134925,-102.58304584134925,132.5446658758225,1.1003113229435257e-06,1.0726054214097166e-08,0.9932076249970123,3.066377776838968e-08,1.533188904918256e-08,2.9999999753189455,2.4498680451978803e-08,122455573.93180457,3.2132732754441196e-08,3.2132732754441196e-08,-2.0142536527600896e-08,1.9635346315123634e-10,1.0000000012880754,1.000000001160236,5.032376824282148e-10,5.29273640514498e-09,5.032376824282148e-10,5.29273640514498e-09,coordinate,,,,,0,1,1,36100,,,
square,20,20,1326,ellipsoids,5.0,1.0,True,,,Lazy SEP,Optimal,-80.72820751779706,-80.72820751779706,-80.72819960379653,-80.72819960379653,109.26867043424073,7.914000534015031e-06,9.803265521868967e-08,1.2267336249933578,1.9203078342066982e-07,9.601540112076138e-08,2.999999790373147,1.6006796396796972e-07,18742037.544586122,9.380695477441789e-08,9.380695477441789e-08,-1.1547982126103307e-08,1.4304767170208107e-10,1.0000000007331502,1.0000000007470367,3.8773543176075925e-09,4.835069067757426e-08,3.8773543176075925e-09,4.835069067757426e-08,coordinate,,,,,0,1,1,36100,,,
square,20,20,1748,ellipsoids,5.0,1.0,True,,,Lazy SEP,Optimal,-99.36322114514897,-99.36322114514897,-99.36322022739004,-99.36322022739004,126.58632148168832,9.17758924856571e-07,9.236404720776075e-09,0.9840758749633096,2.2509070517998634e-08,1.1254535345523474e-08,2.999999982003488,1.778702898965751e-08,168662230.4235224,2.894122460517775e-08,2.894122460517775e-08,-1.218488421272923e-08,1.226297222684604e-10,1.0000000011321029,1.0000000002311498,3.019601613023226e-10,2.3995526737292844e-09,3.019601613023226e-10,2.3995526737292844e-09,coordinate,,,,,0,1,1,36100,,,
square,20,20,1949,ellipsoids,5.0,1.0,True,,,Lazy SEP,Optimal,-100.49156632769792,-100.49156632769792,-100.49155975215112,-100.49156287213782,127.6094229454625,3.455560104725919e-06,3.438656825645957e-08,1.0012558749876916,1.6847487347568856e-07,8.423744346896125e-08,2.999999832978586,1.6406799344541462e-07,18285101.011957493,9.878027946996303e-08,9.878027946996303e-08,-2.3386135694636323e-08,2.3271739658605097e-10,1.0000000028613445,1.0000000026064255,6.690628088015793e-09,5.550864973768129e-08,6.690628088015793e-09,5.550864973768129e-08,coordinate,,,,,0,1,1,36100,,,
square,20,20,2494,ellipsoids,5.0,1.0,True,,,Lazy SEP,Optimal,-99.89690975024801,-99.89690975024801,-99.89690638424486,-99.89690638424486,144.28294162991463,3.3660031562021686e-06,3.36947675820754e-08,1.0700728329829872,9.436481766209677e-08,4.718241103064949e-08,2.9999999069370817,9.349884075213156e-08,32085958.315677714,4.837332961235687e-08,4.837332961235687e-08,-1.2574886909533234e-08,1.258786376973189e-10,1.0000000001201002,1.000000000840928,3.2394712719610586e-09,3.5167542287053094e-08,3.2394712719610586e-09,3.5167542287053094e-08,coordinate,,,,,0,1,1,36100,,,
square,20,20,2599,ellipsoids,5.0,1.0,True,,,Lazy SEP,Optimal,-119.84812489706142,-119.84812489706142,-119.84810410885831,-119.84812358686838,174.56306683366327,1.310193042058927e-06,1.0932111313249689e-08,1.104942874982953,5.232551700419612e-07,2.616276522796679e-07,2.9999994773624876,5.158565507615055e-07,5815569.217709651,2.329080777592526e-07,2.329080777592526e-07,-9.17809472866793e-09,7.658104569054437e-11,1.000000000552009,1.000000000571498,2.835988810630241e-08,2.3117314781496635e-07,2.835988810630241e-08,2.3117314781496635e-07,coordinate,,,,,0,1,1,36100,,,
square,25,25,207,ellipsoids,5.0,1.0,True,,,Lazy SEP,Optimal,-84.34819572675121,-84.34819572675121,-84.3481950242821,-84.3481950242821,128.4744668958409,7.024691086598978e-07,8.32820551296165e-09,3.0275664170039818,2.3085787670257056e-08,1.1542893927579999e-08,2.9999999819144576,1.8180914359463093e-08,165008201.60087106,2.0128065239222202e-08,2.0128065239222202e-08,-4.097074679521029e-09,4.857335292379743e-11,1.0000000005990453,0.9999999997045028,5.281624530090179e-10,2.87456069462127e-09,5.281624530090179e-10,2.87456069462127e-09,coordinate,,,,,0,1,1,90000,,,
square,25,25,587,ellipsoids,5.0,1.0,True,,,Lazy SEP,Optimal,-93.74620029768965,-93.74620029768965,-93.74619884738277,-93.74620165290162,130.59340062515648,0.0,0.0,3.197776791988872,4.377639486238946e-08,2.188819790553307e-08,2.9999999566815134,4.334853443043357e-08,69206490.97136056,3.129576356881167e-08,3.129576356881167e-08,-7.836504778424569e-09,8.359277233146373e-11,1.0000000004497214,1.000000000362737,1.4526088292290962e-09,1.7813086481952125e-08,1.4526088292290962e-09,1.7813086481952125e-08,coordinate,,,,,0,1,1,90000,,,
square,25,25,1419,ellipsoids,5.0,1.0,True,,,Lazy SEP,Optimal,-87.24699017515937,-87.24699017515937,-87.24698185629498,-87.24698185629498,124.78009785350102,8.31886438845686e-06,9.534843977718528e-08,3.2083405409939587,2.2039208308099847e-07,1.1019604528419779e-07,2.999999880022185,1.1650160295813011e-07,25750717.619742665,1.1029679754234473e-07,1.1029679754234473e-07,-5.833072691530106e-09,6.685700767235035e-11,1.0000000004033072,1.0000000004066092,1.7012598101107113e-10,2.2851870771520087e-09,1.7012598101107113e-10,2.2851870771520087e-09,coordinate,,,,,0,1,1,90000,,,
square,25,25,1658,ellipsoids,5.0,1.0,True,,,Lazy SEP,Optimal,-87.69301328122626,-87.69301328122626,-87.6930117357136,-87.6930117357136,139.96120352158312,1.5455126600727453e-06,1.7624125369217026e-08,3.541145625000354,5.0528387258997465e-08,2.5264194263286774e-08,2.9999999497031187,5.022301780655764e-08,59733566.01664442,3.743981948459443e-08,3.743981948459443e-08,-8.791118943918264e-09,1.0024879537125347e-10,1.000000000510254,1.0000000008170717,1.6165331529968685e-09,2.061138665085939e-08,1.6165331529968685e-09,2.061138665085939e-08,coordinate,,,,,0,1,1,90000,,,
square,25,25,1758,ellipsoids,5.0,1.0,True,,,Lazy SEP,Optimal,-88.13004036891596,-88.13004036891596,-88.13003980742025,-88.13003980742025,120.80261833948046,5.614957103716733e-07,6.3712181229150616e-09,3.4116989170433953,1.7966769779692005e-08,8.983384961767746e-09,2.9999999834379256,1.6420112532795854e-08,182702766.34499505,3.2102334044931934e-08,3.2102334044931934e-08,-9.249490062757104e-09,1.0495274964176075e-10,1.000000001159934,0.9999999997950436,6.213166214158461e-10,4.77637934691587e-09,6.213166214158461e-10,4.77637934691587e-09,coordinate,,,,,0,1,1,90000,,,
square,25,25,2217,ellipsoids,5.0,1.0,True,,,Lazy SEP,Optimal,-98.2902091334294,-98.2902091334294,-98.29020784799246,-98.29020784799246,132.8138015018828,1.285436937337181e-06,1.3077975402333253e-08,3.073214292002376,3.2235890654592716e-08,1.61179455546742e-08,2.999999970459778,2.9400944287745452e-08,102037538.01575013,2.9621672174743933e-08,2.9621672174743933e-08,-1.0431705277369474e-08,1.0613168258914158e-10,1.0000000004910867,1.000000000554133,6.231682253554638e-10,5.084787781604059e-09,6.231682253554638e-10,5.084787781604059e-09,coordinate,,,,,0,1,1,90000,,,
square,25,25,3690,ellipsoids,5.0,1.0,True,,,Lazy SEP,Optimal,-99.14831644906927,-99.14831644906927,-99.14831616751471,-99.14831616751471,161.3717679424161,2.8155456277545454e-07,2.839731150857051e-09,2.988239541009534,7.808809097050275e-09,3.904404556260767e-09,2.999999994584277,5.232054813227934e-09,573388487.2535226,1.616498341858896e-08,1.616498341858896e-08,-6.067068625270622e-09,6.119184714938823e-11,1.0000000006540686,1.0000000003058804,1.2014882838640162e-10,9.169496918853574e-10,1.2014882838640162e-10,9.169496918853574e-10,coordinate,,,,,0,1,1,90000,,,
square,25,25,3980,ellipsoids,5.0,1.0,True,,,Lazy SEP,Optimal,-101.49042979874692,-101.49042979874692,-101.49042945464171,-101.49042945464171,164.25452442415565,3.4410520299843483e-07,3.390518728522356e-09,3.2965831660549156,1.0028082691107673e-08,5.0140413665873074e-09,2.9999999911103847,8.977268264332775e-09,334177380.3317836,1.3255678846218475e-08,1.3255678846218475e-08,-3.5994816016682307e-09,3.546621695075995e-11,1.0000000003174605,1.0000000002474083,2.4888775025308507e-10,2.2531286232409926e-09,2.4888775025308507e-10,2.2531286232409926e-09,coordinate,,,,,0,1,1,90000,,,
square,25,25,5665,ellipsoids,5.0,1.0,True,,,Lazy SEP,Optimal,-82.66320509004147,-82.66320509004147,-82.66320493879819,-82.66320493879819,106.85496009688049,1.5124328456295189e-07,1.8296324755156673e-09,3.230077624961268,4.393401712102245e-09,2.1967008605030133e-09,2.9999999958411037,4.065999797085161e-09,737825908.892506,1.2595699892600482e-08,1.2595699892600482e-08,-4.1123087157757254e-09,4.9747753081874393e-11,1.0000000001850742,1.0000000003372136,1.2568851862071462e-10,1.2482015172743572e-09,1.2568851862071462e-10,1.2482015172743572e-09,coordinate,,,,,0,1,1,90000,,,
square,25,25,5689,ellipsoids,5.0,1.0,True,,,Lazy SEP,Optimal,-112.89181444564464,-112.89181444564464,-112.89181369952834,-112.89181369952834,166.58403676368061,7.461162994104598e-07,6.6091266499193454e-09,3.1443618329940364,1.7563866206770425e-08,8.78193315188763e-09,2.999999986763776,1.322910265265625e-08,226772749.86307636,1.8732036051779376e-08,1.8732036051779376e-08,-7.92245202774211e-09,7.017738236067264e-11,1.000000000421457,1.0000000004550609,1.5988501148034295e-10,1.4947205941251385e-09,1.5988501148034295e-10,1.4947205941251385e-09,coordinate,,,,,0,1,1,90000,,,
square,30,30,966,ellipsoids,5.0,1.0,True,,,Lazy SEP,Optimal,-91.68609459901948,-91.68609459901948,-91.68609301480974,-91.68609301480974,142.36262533121453,1.5842097411677969e-06,1.727862603480047e-08,8.631003833026625,4.7253151153971834e-08,2.3626576032564037e-08,2.9999999583273547,4.127553098880865e-08,72682286.24704471,4.783114313341076e-08,4.783114313341076e-08,-1.2270177762729872e-08,1.3382812100779668e-10,1.0000000010302874,1.00000000084063,8.370839698484955e-10,9.412688954484898e-09,8.370839698484955e-10,9.412688954484898e-09,coordinate,,,,,0,1,1,189225,,,
square,30,30,1714,ellipsoids,5.0,1.0,True,,,Lazy SEP,Optimal,-122.47943021474508,-122.47943021474508,-122.47942876711075,-122.47942876711075,177.40687719381748,1.447634332407688e-06,1.181940779663596e-08,8.484320959018078,3.455055999708024e-08,1.7275280261950167e-08,2.999999968196409,3.1722172548340046e-08,94571075.28259103,3.6321050601140336e-08,3.6321050601140336e-08,-1.0934300576082023e-08,8.927458722587739e-11,1.0000000007950682,1.0000000002662874,9.513687372619817e-10,8.339060965012269e-09,9.513687372619817e-10,8.339060965012269e-09,coordinate,,,,,0,1,1,189225,,,
square,30,30,5295,ellipsoids,5.0,1.0,True,,,Lazy SEP,Optimal,-116.53980899227206,-116.53980899227206,-116.53980737984216,-116.53981134744359,170.55044462242503,0.0,0.0,8.965236250020098,4.5973656123224283e-08,2.298682857476936e-08,2.9999999547887617,4.552791740779364e-08,65893634.622417636,3.751263228226857e-08,3.751263228226857e-08,-1.2014382377856236e-08,1.0309251818537758e-10,1.0000000007328629,1.000000001106552,1.5391012366493262e-09,2.0346053543924013e-08,1.5391012366493262e-09,2.0346053543924013e-08,coordinate,,,,,0,1,1,189225,,,
square,30,30,6150,ellipsoids,5.0,1.0,True,,,Lazy SEP,Optimal,-108.48341179739721,-108.48341179739721,-108.4834113410958,-108.4834113410958,169.84244834359973,4.5630140732555446e-07,4.206185994387229e-09,9.164586833037902,1.1946858616881905e-08,5.973429340837459e-09,2.9999999887758912,1.1193010563911028e-08,268024404.30536324,2.4527168719765823e-08,2.4527168719765823e-08,-7.189456141531991e-09,6.627240075154499e-11,1.0000000004300043,1.000000000508278,3.855402838886905e-10,3.6745776884547677e-09,3.855402838886905e-10,3.6745776884547677e-09,coordinate,,,,,0,1,1,189225,,,
square,30,30,7721,ellipsoids,5.0,1.0,True,,,Lazy SEP,Optimal,-102.31995204466281,-102.31995204466281,-102.3199510069984,-102.3199510069984,147.43451733511642,1.0376644183907047e-06,1.0141369279940266e-08,22.481103375030216,2.5229250347164918e-08,1.2614625338554768e-08,2.999999973116994,2.4721350895549065e-08,121352590.55188309,1.5372855018056e-08,1.5372855018056e-08,-3.730860953510273e-09,3.646269255366487e-11,1.0000000001845935,1.000000000209326,3.214489924241448e-10,4.743830382416677e-09,3.214489924241448e-10,4.743830382416677e-09,coordinate,,,,,100,3,3,189225,,,
square,30,30,11913,ellipsoids,5.0,1.0,True,,,Lazy SEP,Optimal,-92.74197209107425,-92.74197209107425,-92.74197102322319,-92.74197102322319,151.50974279538713,1.067851059133318e-06,1.1514215570967905e-08,9.171808832965326,2.9051310524265156e-08,1.4525655438912768e-08,2.9999999735764766,2.549948750704661e-08,117649422.27750449,2.7338468399733264e-08,2.7338468399733264e-08,-6.761808890587417e-09,7.290991056290244e-11,1.0000000005581153,1.0000000005001553,4.196494879024626e-10,4.718538898484098e-09,4.196494879024626e-10,4.718538898484098e-09,coordinate,,,,,0,1,1,189225,,,
square,30,30,12221,ellipsoids,5.0,1.0,True,,,Lazy SEP,Optimal,-92.48879254099614,-92.48879254099614,-92.48879097901687,-92.48879097901687,149.77508877365278,1.561979274811165e-06,1.6888308646896966e-08,8.860256291984115,4.342956053413401e-08,2.1714780658636666e-08,2.999999960960059,3.6287472076471356e-08,82673159.33824022,3.651718130434381e-08,3.651718130434381e-08,-9.855710914052906e-09,1.0656113722843025e-10,1.0000000009319971,0.9999999992911162,6.182088705834537e-10,5.714228766991823e-09,6.182088705834537e-10,5.714228766991823e-09,coordinate,,,,,0,1,1,189225,,,
square,30,30,13508,ellipsoids,5.0,1.0,True,,,Lazy SEP,Optimal,-90.64875579520385,-90.64875579520385,-90.64875456505001,-90.64875456505001,136.0842797676842,1.2301538419023927e-06,1.3570554070059053e-08,9.639081583009101,3.421044812654728e-08,1.710522431421794e-08,2.9999999679841483,3.096945590591044e-08,96869637.52603759,3.355197953002556e-08,3.355197953002556e-08,-7.151527370297117e-09,7.889272508553833e-11,0.999999999022182,1.000000002593897,7.071233032712038e-10,7.751010973414124e-09,7.071233032712038e-10,7.751010973414124e-09,coordinate,,,,,0,1,1,189225,,,
square,30,30,15956,ellipsoids,5.0,1.0,True,,,Lazy SEP,Optimal,-101.01995774235951,-101.01995774235951,-101.01995735135156,-101.01995735135156,149.63754030220923,3.9100794424484775e-07,3.870600948399437e-09,9.633852083003148,1.0610894555893015e-08,5.305447305972184e-09,2.9999999892926867,1.0523044606474914e-08,285088593.7941157,2.5301932554639042e-08,2.5301932554639042e-08,-7.653767397641786e-09,7.576490397236053e-11,1.0000000004624132,1.0000000006111094,6.559374501891035e-10,4.6330384232161026e-09,6.559374501891035e-10,4.6330384232161026e-09,coordinate,,,,,0,1,1,189225,,,
square,30,30,16562,ellipsoids,5.0,1.0,True,,,Lazy SEP,Optimal,-101.69171148846783,-101.69171148846783,-101.69171033690961,-101.6917146017702,137.54096002524977,0.0,0.0,9.67947195895249,3.2327662418343407e-08,1.6163831458985863e-08,2.9999999685804912,3.147365702132372e-08,95317807.09651761,3.720861257941524e-08,3.720861257941524e-08,-9.200803674502822e-09,9.047741983914022e-11,1.0000000005968865,1.0000000006261438,8.181266705764578e-10,7.881260817093653e-09,8.181266705764578e-10,7.881260817093653e-09,coordinate,,,,,0,1,1,189225,,,
